session name,session_id,session,track,eventConflicts,chair,length,paper_id,title,authors,chair email
VIS Welcome (8:45am-9:00am)| VGTC Awards (9:00am-9:45am)| Test of Time Awards (9:45am-10:30am),conf1,tues1,Plenary 1,,,1,,Organizers,General Chairs,
VIS Keynote (11:00am-12:00pm),conf2,tues2,Plenary 1,,,1,,Organizers,General Chairs,
VIS Capstone (10:45am-11:45am)| VIS Closing (11:45am-12:00pm),conf3,fri2,105(234),,,1,,Organizers,General Chairs,
VIS Poster Session (4:45pm-6:15pm)| -- includes all Associated Event Posters| -- Exhibit Hall Location: Foyer,conf4,tues5,Plenary 1,,,1,,Organizers,Poster Chairs,
VISAP Opening Reception (6:00pm-8:00pm)| -- Art Exhibit Location: Library at the Docks,conf5,tues6,Plenary 1,,,1,,Organizers,VISAP Chairs,
"VIS Banquet (6:00pm-10:00pm)| -- Location: Melbourne Planetarium| -- Shows at 6, 6:45, and 7:30pm| -- Transport on your own / via myki",conf6,wed5,Plenary 1,,,1,,Organizers,General Chairs,
VIS Opening (2:00pm-2:20pm)| ACC Summary (2:20pm-2:30pm)| Best Papers 1 (2:30pm-3:10pm),full0,tues3,Plenary 1,,Michael Wybrow,1,v-full-1009,Affective Visualization Design: Leveraging the Emotional Impact of Data,"Xingyu Lan, Yanqiu Wu, Nan Cao",
VIS Opening (2:00pm-2:20pm)| ACC Summary (2:20pm-2:30pm)| Best Papers 1 (2:30pm-3:10pm),full0,,,,,1,v-full-1392,Fast Compressed Segmentation Volumes for Scientific Visualization,"Max Piochowiak, Carsten Dachsbacher",
VIS Opening (2:00pm-2:20pm)| ACC Summary (2:20pm-2:30pm)| Best Papers 1 (2:30pm-3:10pm),full0,,,,,1,v-full-1256,"Swaying the Public? Impacts of Election Forecast Visualizations on Emotion, Trust, and Intention in the 2022 U.S. Midterms","Fumeng Yang, Mandi Cai, Chloe Rose Mortenson, Hoda Fakhari, Ayse Deniz Lokmanoglu, Jessica Hullman, Steven L Franconeri, Nicholas Diakopoulos, Erik Nisbet, Matthew Kay",
Best Papers 2 (3:40pm-4:30pm)| -- Includes Best Short Paper,full1,tues4,Plenary 1,,G. Elisabeta Marai,1,v-full-1439,TimeSplines: Sketch-based Authoring of Flexible and Idiosyncratic Timelines,"Anna Offenwanger, Matthew Brehmer, Fanny Chevalier, Theophanis Tsandilas",
Best Papers 2 (3:40pm-4:30pm)| -- Includes Best Short Paper,full1,,,,,1,v-full-1716,Visualization of Discontinuous Vector Field Topology,"Egzon Miftari, Daniel Durstewitz, Filip Sadlo",
Best Papers 2 (3:40pm-4:30pm)| -- Includes Best Short Paper,full1,,,,,1,v-full-1226,Vortex Lens: Interactive Vortex Core Line Extraction using Observed Line Integral Convolution,"Peter Rautek, Xingdi Zhang, Bernhard Woschizka, Thomas Theussl, Markus Hadwiger",
Best Papers 2 (3:40pm-4:30pm)| -- Includes Best Short Paper,full1,,,,,1,v-short-1170,Gridded Glyphmaps for Supporting Spatial COVID-19 Modelling,"Aidan Slingsby, Richard Reeve, Claire Harris",
Visualization for spatial single-cell atlases,app1,thur2,101-102(140),,,1,,Organizers,"Morgan Turner, Eric Moerth, Nils Gehlenborg",
Establishing and Thriving in an Academic Career,panel1,wed4,101-102(140),,,1,,Organizers,"Carolina Nobre, Cindy Xiong Bearfield, Joshua A. Levine, Emily Wall, Dominik Moritz, Evanthia Dimara",
"What is a Visual Analytics contribution, and how is it changing?",panel2,wed2,101-102(140),,,1,,Organizers,"Mennatallah El-Assady, Jürgen Bernard",
How should VIS4ML Redefine Itself in the Rapid Evolution of AI?,panel3,thur4,101-102(140),,,1,,Organizers,"Dylan Cashman, Junpeng Wang, Qianwen Wang, Duen Horng Chau, Mennatallah El-Assady, Liang Gou, Ross Maciejewski, Dominik Moritz",
VISAP Session 1,visap1,wed2,103(132),,,1,,Organizers,"Uta Hinrichs, Rebecca Ruige Xu, Xavier Ho, Rem RunGu Lin, Yongen Ke, Kang Zhang, Myungin Lee, Sabina Hyoju Ahn, Yoojin Oh, JoAnn Kuchera-Morin, Francesca Samsel, Greg Abram, Catherine L. Bowman, Daniel F. Keefe, Midori Yamazaki, Hyemi Song, Yoon Chung Han, Robert Walton, Zaher Joukhadar, Jane L. Adams, Racquel Fygenson, Jane L. Adams",
VISAP Session 2,visap2,thur2,103(132),,,1,,Organizers,"Uta Hinrichs, Rebecca Ruige Xu, Xavier Ho, Yufan Li, Yue Huang, Kang Zhang, Varvara Guljajeva, Junxiu Tang, Rui Sheng, Yifang Wang, Xinhuan Shu, Xiaojiao Chen, Tan Tang, Yingcai Wu, Ignacio Pérez-Messina, Simón López Trujillo, Florian Windhager, Viola Rühse, Michael Smuc, Hannen E. Wolfe, Charlotte Rogerson, Amanda Lilleston, Kimiya Pahlevan, Charles Perin, Xavier Ho, Stephen Krol",
Information Visualization / Interaction,short1,thur3,104(132),,Andreas Kerren,1,v-short-1160,A Simple yet Useful Spiral Visualization of Large Graphs,"Garima Jindal, Kamalakar Karlapalem",
Information Visualization / Interaction,short1,,,,,1,v-short-1189,ProtoGraph: A Non-Expert Toolkit for Creating Animated Graphs,"Machiel Daniel Rodrigues, Joel Dapello, Priyan Vaithilingam, Johanna Beyer, Carolina Nobre",
Information Visualization / Interaction,short1,,,,,1,v-short-1103,Visual Validation versus Visual Estimation: A Study on the Average Value in Scatterplots,"Daniel Braun, Ashley Suh, Remco Chang, Michael Gleicher, Tatiana von Landesberger",
Information Visualization / Interaction,short1,,,,,1,v-short-1014,Line Harp: Importance-Driven Sonification for Dense Line Charts,"Egil Bru, Thomas Trautner, Stefan Bruckner",
Information Visualization / Interaction,short1,,,,,1,v-short-1030,Compact Phase Histograms for Guided Exploration of Periodicity,"Max Franke, Steffen Koch",
Information Visualization / Interaction,short1,,,,,1,v-short-1036,ZADU: A Python Library for Evaluating the Reliability of Dimensionality Reduction Embeddings,"Hyeon Jeon, Aeri Cho, Jinhwa Jang, Soohyun Lee, Jake Hyun, Hyung-Kwon Ko, Jaemin Jo, Jinwook Seo",
Information Visualization / Interaction,short1,,,,,1,v-short-1149,"TimePool: Visually Answer ""Which and When"" Questions On Univariate Time Series","Tinghao Feng, Yueqi Hu, Jing Yang, Tom Polk, Ye Zhao, Shixia Liu, Zhaocong Yang",
Information Visualization / Interaction,short1,,,,,1,v-short-1159,"""Two Heads are Better than One"": Pair-Interviews for Visualization","derya akbaba, Miriah Meyer",
Applications / Design,short2,thur2,104(132),,TBD,1,v-short-1140,Taken By Surprise? Evaluating how Bayesian Surprise & Suppression Influences Peoples' Takeaways in Map Visualizations,"Akim Ndlovu, Hilson Shrestha, Lane Harrison",
Applications / Design,short2,,,,,1,v-short-1071,Towards Autocomplete Strategies for Visualization Construction,"Wei Wei, Samuel Huron, Yvonne Jansen",
Applications / Design,short2,,,,,1,v-short-1116,Indy Survey Tool: A Framework to Unearth Correlations in Survey Data,"Tarik Crnovrsanin, Sara Di Bartolomeo, Connor Wilson, Cody Dunne",
Applications / Design,short2,,,,,1,v-short-1195,Data in the Wind: Evaluating Multiple-Encoding Design for Particle Motion Visualizations,"Yiren Ding, Lane Harrison",
Applications / Design,short2,,,,,1,v-short-1002,Show me my Users: A Dashboard Design Visualizing User Interaction Logs with Interactive Visualization,"Jinrui Wang, Mashael AlKadi, Benjamin Bach",
Applications / Design,short2,,,,,1,v-short-1010,What Is the Difference Between a Mountain and a Molehill? Quantifying Semantic Labeling of Visual Features in Line Charts,"Dennis Bromley, Vidya Setlur",
Applications / Design,short2,,,,,1,v-short-1018,Draco 2: An Extensible Platform to Model Visualization Design,"Junran Yang, Péter Ferenc Gyarmati, Zehua Zeng, Dominik Moritz",
Perception / Evaluation,short3,wed1,104(132),,Lace M. Padilla,1,v-short-1142,Topological Analysis and Approximate Identification of Leading Lines in Artworks Based on Discrete Morse Theory,"Fuminori Shibasaki, Issei Fujishiro",
Perception / Evaluation,short3,,,,,1,v-short-1162,Effects of data distribution and granularity on color semantics for colormap data visualizations,"Clementine Zimnicki, Chin Tseng, Danielle Albers Szafir, Karen Schloss",
Perception / Evaluation,short3,,,,,1,v-short-1190,Let's Get Vis-ical: Perceptual Accuracy in Visual & Tactile Encodings,"Zhongzheng Xu, Emily Wall, Kristin Williams",
Perception / Evaluation,short3,,,,,1,v-short-1092,MinMaxLTTB: Leveraging MinMax-Preselection to Scale LTTB,"Jeroen Van Der Donckt, Jonas Van Der Donckt, Dr. Ir. Michael Rademaker, Sofie Van Hoecke",
Perception / Evaluation,short3,,,,,1,v-short-1066,Do You Trust What You See? Toward A Multidimensional Measure of Trust in Visualization,"Saugat Pandey, Oen G McKinley, R. Jordan Crouser, Alvitta Ottley",
Perception / Evaluation,short3,,,,,1,v-short-1138,reVISit: Supporting Scalable Evaluation of Interactive Visualizations,"Yiren Ding, Jack Wilburn, Hilson Shrestha, Akim Ndlovu, Kiran Gadhave, Carolina Nobre, Alexander Lex, Lane Harrison",
Perception / Evaluation,short3,,,,,1,v-short-1133,Augmented Reality for Scholarly Publication of 3D Visualizations in Astronomy: An Empirical Evaluation,"Jane L. Adams, Laura South, Arzu Çöltekin, Alyssa Goodman, Michelle A. Borkin",
Perception / Evaluation,short3,,,,,1,v-short-1137,Comparing Morse Complexes Using Optimal Transport: An Experimental Study,"Mingzhe Li, Carson Storm, Austin Yang Li, Tom Needham, Bei Wang Phillips",
Scientific Visualization (Short),short4,wed3,104(132),,Paul Rosen,1,v-short-1057,Visualizing Query Traversals Over Bounding Volume Hierarchies Using Treemaps,"Abhishek Madan, Carolina Nobre",
Scientific Visualization (Short),short4,,,,,1,v-short-1089,Visual Analysis of Large Multi-Field AMR Data on GPUs Using Interactive Volume Lines,"Stefan Zellmann, Serkan Demirci, Ugur Gudukbay",
Scientific Visualization (Short),short4,,,,,1,v-short-1154,Fast Fiber Line Extraction for 2D Bivariate Scalar Fields,"Felix Raith, Baldwin Nsonga, Gerik Scheuermann, Christian Heine",
Scientific Visualization (Short),short4,,,,,1,v-short-1157,GeneticFlow: Exploring Scholar Impact with Interactive Visualization,"Fengli Xiao, Lei Shi",
Scientific Visualization (Short),short4,,,,,1,v-short-1171,Visualizing Similarity of Pathline Dynamics in 2D Flow Fields,"Baldwin Nsonga, Gerik Scheuermann",
Scientific Visualization (Short),short4,,,,,1,v-short-1114,Evaluation of cinematic volume rendering open-source and commercial solutions for the exploration of congenital heart data,"Irum Baseer, Israel Valverde, Abdel H. Moustafa, Josep Blat, Oscar Camara",
Scientific Visualization (Short),short4,,,,,1,v-short-1182,ExoplanetExplorer: Contextual Visualization of Exoplanet Systems,"Emma Broman, Jacqueline Faherty, Laura Kreidberg, Sebastian Zieba, Charles Hansen, Anders Ynnerman, Alexander Bock",
Scientific Visualization (Short),short4,,,,,1,v-short-1053,A Visualization System for Hexahedral Mesh Quality Study,"Lei Si, Guoning Chen",
Machine Learning / Language Models / Theory,short5,fri1,104(132),,Chaoli Wang,1,v-short-1097,Explain-and-Test: An Interactive Machine Learning Framework for Exploring Text Embeddings,"Shivam Raval, Carolyn Ann Wang, Fernanda Viegas, Martin Wattenberg",
Machine Learning / Language Models / Theory,short5,,,,,1,v-short-1186,Concept Lens: Visually Analyzing the Consistency of Semantic Manipulation in GANs,"Sangwon Jeong, Mingwei Li, Matthew Berger, Shusen Liu",
Machine Learning / Language Models / Theory,short5,,,,,1,v-short-1065,HAiVA: Hybrid AI-assisted Visual Analysis Framework to Study the Effects of Cloud Properties on Climate Patterns,"Subhashis Hazarika, Haruki Hirasawa, Sookyung Kim, Kalai Ramea, Salva Rühling Cachay, Peetak Mitra, Dipti Hingmire, Hansi Singh, Phil Rasch",
Machine Learning / Language Models / Theory,short5,,,,,1,v-short-1108,DataTales: Investigating the Use of Large Language Models for Authoring Data-Driven Articles,"Nicole Sultanum, Arjun Srinivasan",
Machine Learning / Language Models / Theory,short5,,,,,1,v-short-1123,Visualizing Linguistic Diversity of Text Datasets Synthesized by Large Language Models,"Emily Reif, Minsuk Kahng, Savvas Petridis",
Machine Learning / Language Models / Theory,short5,,,,,1,v-short-1001,WUDA: Visualizing and Transforming Rotations in Real-Time with Quaternions and Smart Devices,slobodan milanko,
Machine Learning / Language Models / Theory,short5,,,,,1,v-short-1006,ScatterUQ: Interactive Uncertainty Visualizations for Multiclass Deep Learning Problems,"Harry Li, Steven Jorgensen, John Holodnak, Allan Wollaber",
Machine Learning / Language Models / Theory,short5,,,,,1,v-short-1060,Combining Degree of Interest Functions and Progressive Visualization,"Marius Hogräfer, Dominik Moritz, Adam Perer, Hans-Jörg Schulz",
CoVID-19 / Bioinformatics / Visual Analytics,short6,wed4,104(132),,Alfie Abdul-Rahman,1,v-short-1102,The Role of Visualization in Genomics Data Analysis Workflows: The Interviews,"Sehi L'Yi, Qianwen Wang, Nils Gehlenborg",
CoVID-19 / Bioinformatics / Visual Analytics,short6,,,,,1,v-short-1147,Vis-SPLIT: Interactive Hierarchical Modeling for mRNA Expression Classification,"Braden Roper, James C. Mathews, Saad Nadeem, Ji Hwan Park",
CoVID-19 / Bioinformatics / Visual Analytics,short6,,,,,1,v-short-1107,Enabling Multimodal User Interactions for Genomics Visualization Creation,"Qianwen Wang, Xiao Liu, Man Qing Liang, Sehi L'Yi, Nils Gehlenborg",
CoVID-19 / Bioinformatics / Visual Analytics,short6,,,,,1,v-short-1067,Simulating the Geometric Growth of the Marine Sponge Crella Incrustans,"Josh O'Hagan, Andrew Chalmers, Taehyun James Rhee",
CoVID-19 / Bioinformatics / Visual Analytics,short6,,,,,1,v-short-1163,"How ""Applied"" is Fifteen Years of VAST conference?","Lei Shi, Lei Xia, Zipeng Liu, Ye Sun, Huijie Guo, Klaus Mueller",
CoVID-19 / Bioinformatics / Visual Analytics,short6,,,,,1,v-short-1165,CLEVER: A Framework for Connecting Lived Experiences with Visualisation of Electronic Records,"Mai Elshehaly, Lucy H Eddy, Mark Mon-Williams",
CoVID-19 / Bioinformatics / Visual Analytics,short6,,,,,1,v-short-1158,Design of an Ecological Visual Analytics Interface for Operators of Time-Constant Processes,"Elmira Zohrevandi, Emmanuel Brorsson, Andreas Darnell, Magnus Bång, Jonas Lundberg, Anders Ynnerman",
"Systems, Techniques, and Applications",cga1,wed2,104(132),,Alexander Lex,1,v-cga-9769955,"Giga Graph Cities: Their Buckets, Buildings, Waves, and Fragments","James Abello, Haoyang Zhang, Daniel Nakhimovich, Chengguizi Han, Mridul Aanjaneya",
"Systems, Techniques, and Applications",cga1,,,,,1,v-cga-9787979,Narrative In Situ Visual Analysis for Large-Scale Ocean Eddy Evolution,"Xiaoyang Han, Xiaomin Yu, Guan Li, Jun Liu, Ying Zhao, Guihua Shan",
"Systems, Techniques, and Applications",cga1,,,,,1,v-cga-9830790,Technology Trends and Challenges for Large-Scale Scientific Visualization,James Ahrens,
"Systems, Techniques, and Applications",cga1,,,,,1,v-cga-9861728,SUBPLEX: A Visual Analytics Approach to Understand Local Model Explanations at the Subpopulation Level,"Jun Yuan, Gromit Yeuk-Yin Chan, Brian Barr, Kyle Overton, Kim Rees, Luis Gustavo Nonato, Enrico Bertini, Claudio Silva",
"Systems, Techniques, and Applications",cga1,,,,,1,v-cga-9992069,A Multiscale Geospatial Dataset and an Interactive Visualization Dashboard for Computational Epidemiology and Open Scientific Research,"Muhammad Usman, Honglu Zhou, Seonghyeon Moon, Xun Zhang, Petros Faloutsos, Mubbasir Kapadia",
Theory and Evaluation plus ISMAR/VR,cga2,thur3,103(132),,Jian Chen,1,v-cga-9830795,VisVisual: A Toolkit for Teaching and Learning Data Visualization,Chaoli Wang,
Theory and Evaluation plus ISMAR/VR,cga2,,,,,1,v-cga-9984051,Embracing Disciplinary Diversity in Visualization,"Tatiana Losev, Justin Raynor, Sheelagh Carpendale, Melanie Tory",
Theory and Evaluation plus ISMAR/VR,cga2,,,,,1,v-cga-9708430,Lessons Learned From Quantitatively Exploring Visualization Rubric Utilization for Peer Feedback,"Daniel J. Barajas, Xornam S. Apedoe, David G. Brizan, Alark P. Joshi, Sophie J. Engle",
Theory and Evaluation plus ISMAR/VR,cga2,,,,,1,v-cga-9656613,Finding Their Data Voice: Practices and Challenges of Dashboard Users,"Melanie Tory, Lyn Bartram, Brittany Fiore-Gartland, Anamaria Crisan",
Theory and Evaluation plus ISMAR/VR,cga2,,,,,1,v-ismar-9995479,Augmented Scale Models: Presenting Multivariate Data Around Physical Scale Models in Augmented Reality,"Kadek Ananta Satriadi, Andrew Cunningham, Bruce H. Thomas, Adam Drogemuller, Antoine Odi, Niki Patel, Cathlyn Aston, Ross T. Smith ",
Theory and Evaluation plus ISMAR/VR,cga2,,,,,1,v-vr-10108427,Towards an Understanding of Distributed Asymmetric Collaborative Visualization on Problem-solving,"Wai Tong, Meng Xia, Kam Kwai Wong, Doug A. Bowman, Ting-Chuen Pong, Huamin Qu, Yalong Yang",
Clustering & Scatterplots,full2,thur1,104(132),,John Wenskovitch,1,v-tvcg-9826389,Automatic Scatterplot Design Optimization for Clustering Identification,"Ghulam Jilani Quadri,  Jennifer Adorno Nieves, Brenton Wiernik, Paul Rosen",
Clustering & Scatterplots,full2,,,,,1,v-tvcg-10068257,Interactive Subspace Cluster Analysis Guided by Semantic Attribute Associations,"Salman Mahmood, Klaus Mueller",
Clustering & Scatterplots,full2,,,,,1,v-tvcg-10173631,Investigating the Visual Utility of Differentially Private Scatterplots,"Liudas Panavas, Tarik Crnovrsanin, Jane Adams, Jonathan Ullman, Ali Sargavad, Melanie Tory, Cody Dunne",
Clustering & Scatterplots,full2,,,,,1,v-full-1026,CLAMS: Cluster Ambiguity Measure for Estimating Perceptual Variability in Visual Clustering,"Hyeon Jeon, Ghulam Jilani Quadri, Hyunwook Lee, Paul Rosen, Danielle Albers Szafir, Jinwook Seo",
Clustering & Scatterplots,full2,,,,,1,v-full-1025,Classes are not Clusters: Improving Label-based Evaluation of Dimensionality Reduction,"Hyeon Jeon, Yun-Hsin Kuo, Michael Aupetit, Kwan-Liu Ma, Jinwook Seo",
Clustering & Scatterplots,full2,,,,,1,v-full-1473,Guaranteed Visibility in Scatterplots with Tolerance,"Loann Giovannangeli, Frédéric Lalanne, Romain Giot, Romain Bourqui",
Color and Accessibility,full3,thur1,105(234),,Karen Schloss,1,v-tvcg-9919390,Rainbow Colormaps: What are they good and bad for?,Khairi Reda,
Color and Accessibility,full3,,,,,1,v-tvcg-9904859,Sensemaking Sans Power: Interactive Data Visualization Using Color-Changing Ink,"Biswaksen Patnaik, Huaishu Peng, Niklas Elmqvist",
Color and Accessibility,full3,,,,,1,v-full-1580,Data Navigator: An accessibility-centered data navigation toolkit,"Frank Elavsky, Lucas Nadolskis, Dominik Moritz",
Color and Accessibility,full3,,,,,1,v-full-1830,NL2Color: Refining Color Palettes for Charts with Natural Language,"Chuhan Shi, Weiwei Cui, Chengzhong Liu, Chengbo Zheng, Haidong Zhang, Qiong Luo, Xiaojuan Ma",
Color and Accessibility,full3,,,,,1,v-full-1152,Reducing Ambiguity in Line-based Density Plots by Image-space Colorization,"Yumeng Xue, Patrick Paetzold, Rebecca Kehlbeck, Bin Chen, Kin Chung Kwan, Yunhai Wang, Oliver Deussen",
Color and Accessibility,full3,,,,,1,v-full-1245,TactualPlot: Spatializing Data as Sound using Sensory Substitution for Touchscreen Accessibility,"Pramod Chundury, Yasmin Reyazuddin, J. Bern Jordan, Jonathan Lazar, Niklas Elmqvist",
Dashboards & Multiple Views,full4,wed3,103(132),,Jonathan C Roberts,1,v-tvcg-10057994,DMiner: Dashboard Design Mining and Recommendation,"Yanna Lin, Haotian Li, Aoyu Wu, Yong Wang, Huamin Qu",
Dashboards & Multiple Views,full4,,,,,1,v-tvcg-9916137,Revisiting the Design Patterns of Composite Visualizations,"Dazhen Deng, Weiwei Cui, Xiyu Meng, Mengye Xu, Yu Liao, Haidong Zhang, Yingcai Wu",
Dashboards & Multiple Views,full4,,,,,1,v-tvcg-10029921,Semi-Automatic Layout Adaptation for Responsive Multiple-View Visualization Design,"Wei Zeng, Xi Chen, Yihan Hou, Lingdan Shao, Zhe Chu, Remco Chang",
Dashboards & Multiple Views,full4,,,,,1,v-full-1015,From Information to Choice: A Critical Inquiry Into Visualization Tools for Decision Making,"Emre Oral, Ria Chawla, Michel Wijkstra, Narges Mahyar, Evanthia Dimara",
Dashboards & Multiple Views,full4,,,,,1,v-full-1122,Heuristics for Supporting Cooperative Dashboard Design,"Vidya Setlur, Michael Correll, Arvind Satyanarayan, Melanie Tory",
Dashboards & Multiple Views,full4,,,,,1,v-full-1642,Transitioning to a Commercial Dashboarding System: Socio-technical Observations and Opportunities,"Conny Walchshofer, Vaishali Dhanoa, Marc Streit, Miriah Meyer",
Education and Assessment,full5,wed4,106(234),,Niklas Elmqvist,1,v-full-1368,SpeechMirror: A Multimodal Visual Analytics System for Personalized Reflection of Online Public Speaking Effectiveness,"Zeyuan Huang, Qiang He, Kevin Maher, Xiaoming Deng, Yu-Kun Lai, Cuixia Ma, Shengfeng Qin, Yong-Jin Liu, Hongan Wang",
Education and Assessment,full5,,,,,1,v-full-1217,VisGrader: Automatic Grading of D3 Visualizations,"Matthew Hull, Vivian Pednekar, Hannah Murray, Nimisha Roy, Emmanuel Tung, Susanta Kumar Routray, Connor Guerin, Justin Lu Chen, Zijie J. Wang, Seongmin Lee, Max Mahdi Roozbahani, Duen Horng Chau",
Education and Assessment,full5,,,,,1,v-tvcg-10045801,Anchorage: Visual Analysis of Satisfaction in Customer Service Videos via Anchor Events,"Kam Kwai Wong, Xingbo Wang, Yong Wang, Jianben He, Rong Zhang, Huamin Qu",
Education and Assessment,full5,,,,,1,v-full-1210,Adaptive Assessment of Visualization Literacy,"Yuan Cui, Lily W. Ge, Yiren Ding, Fumeng Yang, Lane Harrison, Matthew Kay",
Education and Assessment,full5,,,,,1,v-full-1519,Causality-Based Visual Analysis of Questionnaire Responses,"Renzhong Li, Weiwei Cui, Tianqi Song, Xiao Xie, Rui Ding, Yun Wang, Haidong Zhang, Hong Zhou, Yingcai Wu",
Education and Assessment,full5,,,,,1,v-full-1428,Challenges and Opportunities in Data Visualization Education: A Call to Action,"Benjamin Bach, Mandy Keck, Fateme Rajabiyazdi, Tatiana Losev, Isabel Meirelles, Jason Dykes, Robert S. Laramee, Mashael AlKadi, Christina Stoiber, Samuel Huron, Charles Perin, Luiz Morais, Wolfgang Aigner, Doris Kosminsky, Magdalena Boucher, Søren Knudsen, Areti Manataki, Jan Aerts, Uta Hinrichs, Jonathan C Roberts, Sheelagh Carpendale",
Evaluation,full6,thur2,109(234),,Matthew Kay,1,v-tvcg-10034850,A Qualitative Interview Study of Distributed Tracing Visualisation: A Characterisation of Challenges and Opportunities in Visualisation Research,"Thomas Davidson, Emily Wall, Jonathan Mace",
Evaluation,full6,,,,,1,v-tvcg-10002316,Evaluating Glyph Design for Showing Large-Magnitude-Range Quantum Spins,"Henan Zhao, Garnett W. Bryant, Wesley Griffin, Judith E. Terrill, Jian Chen",
Evaluation,full6,,,,,1,v-tvcg-10058545,Evaluating the Impact of Uncertainty Visualization on Model Reliance,"Jieqiong Zhao, Yixuan Wang, Michelle V. Mancenido, Erin K. Chiou, Ross Maciejewski",
Evaluation,full6,,,,,1,v-tvcg-9905944,Fitting Bell Curves to Data Distributions using Visualization,"Eric Newburger, Michael Correll, Niklas Elmqvist",
Evaluation,full6,,,,,1,v-full-1048,A Heuristic Approach for Dual Expert/End-User Evaluation of Guidance in Visual Analytics,"Davide Ceneda, Christopher Collins, Mennatallah El-Assady, Silvia Miksch, Christian Tominski, Alessio Arleo",
Evaluation,full6,,,,,1,v-full-1542,"The Arrangement of Marks Impacts Afforded Messages: Ordering, Partitioning, Spacing, and Coloring in Bar Charts","Racquel Fygenson, Steven L Franconeri, Enrico Bertini",
GeoVis| (Rooms 105/106 combined),full7,fri1,105(234),,Di Weng,1,v-tvcg-10026242,"IF-City: Intelligible Fair City Planning to Measure, Explain and Mitigate Inequality","Yan Lyu, Hangxin Lu, Min Kyung Lee, Gerhard Schmitt, Brian Y. Lim",
GeoVis| (Rooms 105/106 combined),full7,,,,,1,v-tvcg-10057127,MoReVis: A Visual Summary for Spatiotemporal Moving Regions,"Giovani Valdrighi, Nivan Ferreira, Jorge Poco",
GeoVis| (Rooms 105/106 combined),full7,,,,,1,v-tvcg-9991899,Multilevel Visual Analysis of Aggregate Geo-Networks,"Zikun Deng, Shifu Chen, Xiao Xie, Guodao Sun, Mingliang Xu, Di Weng, Yingcai Wu",
GeoVis| (Rooms 105/106 combined),full7,,,,,1,v-tvcg-9870679,"When, Where and How does it fail? A Spatial-temporal Visual Analytics Approach for Interpretable Object Detection in Autonomous Driving","Junhong Wang, Yun Li, Zhaoyu Zhou, Chengshun Wang, Yijie Hou, Li Zhang, Xiangyang Xue, Michael Kamp, Xiaolong (Luke) Zhang, Siming Chen",
GeoVis| (Rooms 105/106 combined),full7,,,,,1,v-full-1343,GeoExplainer: A Visual Analytics Framework for Spatial Modeling Contextualization and Report Generation,"Fan Lei, Yuxin Ma, Stewart Fotheringham, Elizabeth Mack, Ziqi Li, Mehak Sachdeva, Sarah Bardin, Ross Maciejewski",
GeoVis| (Rooms 105/106 combined),full7,,,,,1,v-full-1797,The Urban Toolkit: A Grammar-based Framework for Urban Visual Analytics,"Gustavo Moreira, Maryam Hosseini, Md Nafiul Alam Nipu, Marcos Lage, Nivan Ferreira, Fabio Miranda",
Grammars,full8,wed3,105(234),,Dominik Moritz,1,v-full-1307,Visual Analytics for Understanding Draco's Knowledge Base,"Johanna Schmidt, Bernhard Pointner, Silvia Miksch",
Grammars,full8,,,,,1,v-full-1116,DIVI: Dynamically Interactive Visualization,"Luke S. Snyder, Jeffrey Heer",
Grammars,full8,,,,,1,v-full-1212,ggdist: Visualizations of Distributions and Uncertainty in the Grammar of Graphics,Matthew Kay,
Grammars,full8,,,,,1,v-full-1328,Metrics-Based Evaluation and Comparison of Visualization Notations,"Nicolas Kruchten, Andrew M McNutt, Michael McGuffin",
Grammars,full8,,,,,1,v-full-1150,Mosaic: An Architecture for Scalable & Interoperable Data Views,"Jeffrey Heer, Dominik Moritz",
Grammars,full8,,,,,1,v-full-1199,Mystique: Deconstructing SVG Charts for Layout Reuse,"Chen Chen, Bongshin Lee, Yunhai Wang, Yunjeong Chang, Zhicheng Liu",
Graph Visualization,full9,wed4,105(234),,Daniel Archambault,1,v-full-1289,Calliope-Net: Automatic Generation of  Graph Data Facts via Annotated Node-link Diagrams,"Qing Chen, Nan Chen, Wei Shuai, Guande Wu, Zhe Xu, Hanghang Tong, Nan Cao",
Graph Visualization,full9,,,,,1,v-full-1061,Quantivine: A Visualization Approach for Large-scale Quantum Circuit Representation and Analysis,"Zhen Wen, Yihan Liu, Siwei Tan, Jieyi Chen, Minfeng Zhu, Dongming Han, Jianwei Yin, Mingliang Xu, Wei Chen",
Graph Visualization,full9,,,,,1,v-tvcg-9966829,GraphDecoder: Recovering Diverse Network Graphs from Visualization Images via Attention-Aware Learning,"Sicheng Song, Chenhui Li, Dong Li, Jaunting Chen, Changbo Wang",
Graph Visualization,full9,,,,,1,v-tvcg-9829321,Influence Maximization with Visual Analytics,"Alessio Arleo, Walter Didimo, Giuseppe Liotta, Silvia Miksch, Fabrizio Montecchiani",
Graph Visualization,full9,,,,,1,v-full-1239,"Knowledge Graphs in Practice: Characterizing their Users, Challenges, and Visualization Opportunities","Harry Li, Gabriel Appleby, Camelia D. Brumar, Remco Chang, Ashley Suh",
Graph Visualization,full9,,,,,1,v-full-1564,Scalable Hypergraph Visualization,"Peter D Oliver, Eugene Zhang, Yue Zhang",
High Dimensional Data,full10,wed1,106(234),,Helwig Hauser,1,v-full-1712,A Parallel Framework for Streaming Dimensionality Reduction,"Jiazhi Xia, Linquan Huang, Yiping Sun, Zhiwei Deng, Xiaolong (Luke) Zhang, Minfeng Zhu",
High Dimensional Data,full10,,,,,1,v-full-1314,QEVIS: Multi-grained Visualizing of Distributed Query Execution,"Qiaomu Shen, Zhengxin You, Xiao Yan, Chaozu Zhang, Ke Xu, Jianbin Qin, Dan Zeng, Bo Tang",
High Dimensional Data,full10,,,,,1,v-tvcg-9956753,EVNet: An Explainable Deep Network for Dimension Reduction,"Zelin Zang, Shenghui Cheng, Linyan Lu, Hanchen Xia, Liangyu Li, Yaoting Sun, Yongjie Xu, Lei Shang, Baigui Sun, Stan Z. Li",
High Dimensional Data,full10,,,,,1,v-tvcg-10158903,FS/DS: A Theoretical Framework for the Dual Analysis of Feature Space and Data Space,"Frederik L. Dennig, Matthias Miller, Daniel A. Keim, Mennatallah El-Assady",
High Dimensional Data,full10,,,,,1,v-full-1507,Class-constrained t-SNE: Combining Data Features and Class Probabilities,"Linhao Meng, Stef van den Elzen, Nicola Pezzotti, Anna Vilanova",
High Dimensional Data,full10,,,,,1,v-full-1469,ManiVault: A Flexible and Extensible Visual Analytics Framework for High-Dimensional Data,"Alexander Vieth, Thomas Kroes, Julian Thijssen, Baldur van Lew, Jeroen Eggermont, Soumyadeep Basu, Elmar Eisemann, Anna Vilanova, Thomas Höllt, Boudewijn Lelieveldt",
Image and Video,full11,wed1,103(132),,Quan Li,1,v-full-1515,Guided Visual Analytics for Image Selection in Time and Space,"Ignacio Pérez-Messina, Davide Ceneda, Silvia Miksch",
Image and Video,full11,,,,,1,v-tvcg-9984953,An Image-based Exploration and Query System for Large Visualization Collections via Neural Image Embedding,"Yilin Ye, Rong Huang, Wei Zeng",
Image and Video,full11,,,,,1,v-tvcg-10081386,Image Collage on Arbitrary Shape via Shape-Aware Slicing and Optimization,"Dong-Yi Wu, Thi-Ngoc-Hanh Le, Sheng-Yi Yao, Yun-Chen Lin, Tong-Yee Lee",
Image and Video,full11,,,,,1,v-tvcg-9729541,VisImages: A Fine-Grained Expert-Annotated Visualization Dataset,"Dazhen Deng, Yihong Wu, Xinhuan Shu, Jiang Wu, Siwei Fu, Weiwei Cui, Yingcai Wu",
Image and Video,full11,,,,,1,v-full-1405,"A Unified Interactive Model Evaluation for Classification, Object Detection, and Instance Segmentation in Computer Vision","Changjian Chen, Yukai Guo, Fengyuan Tian, Shilong Liu, Weikai Yang, Zhaowei Wang, Jing Wu, Hang Su, Hanspeter Pfister, Shixia Liu",
Image and Video,full11,,,,,1,v-full-1408,VideoPro: A Visual Analytics Approach for Interactive Video Programming,"Jianben He, Xingbo Wang, Kam Kwai Wong, Xijie Huang, Changjian Chen, Zixin Chen, Fengjie Wang, Min Zhu, Huamin Qu",
Immersive Analytics and Virtual Reality,full12,wed3,106(234),,Dieter Schmalstieg,1,v-full-1103,VIRD: Immersive Match Video Analysis for High-Performance Badminton Coaching,"Tica Lin, Alexandre Aouididi, Zhutian Chen, Johanna Beyer, Hanspeter Pfister, Jui-Hsien Wang",
Immersive Analytics and Virtual Reality,full12,,,,,1,v-tvcg-9834145,Visual Cue Effects on a Classification Accuracy Estimation Task in Immersive Scatterplots,"Fumeng Yang, James Tompkin, Lane Harrison, David H. Laidlaw",
Immersive Analytics and Virtual Reality,full12,,,,,1,v-full-1161,"2D, 2.5D, or 3D? An Exploratory Study on Multilayer Network Visualisations in Virtual Reality","Stefan Paul Feyer, Bruno Pinaud, Stephen Kobourov, Nicolas Brich, Michael Krone, Andreas Kerren, Michael Behrisch, Falk Schreiber, Karsten Klein",
Immersive Analytics and Virtual Reality,full12,,,,,1,v-full-1431,MeTACAST: Target- and Context-aware Spatial Selection in VR,"Lixiang Zhao, Tobias Isenberg, Fuqi Xie, Hai-Ning Liang, Lingyun Yu",
Immersive Analytics and Virtual Reality,full12,,,,,1,v-full-1606,Unraveling the Design Space of Immersive Analytics: A Systematic Review,"David Saffo, Sara Di Bartolomeo, Tarik Crnovrsanin, Laura South, Justin Raynor, Caglar Yildirim, Cody Dunne",
Immersive Analytics and Virtual Reality,full12,,,,,1,v-full-1492,"Wizualization: A ""Hard Magic"" Visualization System for Immersive and Ubiquitous Analytics","Andrea Batch, Peter William Scott Butcher, Panagiotis D. Ritsos, Niklas Elmqvist",
Journalism & the Public,full13,fri1,109(234),,Xavier Ho,1,v-full-1144,From shock to shift: Data visualization for constructive climate journalism,"Francesca Morini, Johanna Hartmann, Anna Eschenbacher, Marian Dörk",
Journalism & the Public,full13,,,,,1,v-tvcg-10130316,Towards Visualization Thumbnail Designs that Entice Reading Data-driven Articles,"Hwiyeon Kim, Joohee Kim, Yunha Han, Hwajung Hong, Oh-Sang Kwon, Young-Woo Park, Niklas Elmqvist, Sungahn Ko, Bum Chul Kwon",
Journalism & the Public,full13,,,,,1,v-full-1383,Embellishments Revisited: Perceptions of Embellished Visualisations Through the Viewer's Lens,"Muna Alebri, Enrico Costanza, Georgia Panagiotidou, Duncan P Brumby",
Journalism & the Public,full13,,,,,1,v-full-1254,"Enthusiastic and Grounded, Avoidant and Cautious: Understanding Public Receptivity to Data and Visualizations","Helen Ai He, Jagoda Walny, Sonja Thoma, Sheelagh Carpendale, Wesley Willett",
Journalism & the Public,full13,,,,,1,v-full-1513,Polarizing Political Polls: Visualization Design Choices Can Shape Public Opinion and Increase Political Polarization,"Eli Holder, Cindy Xiong Bearfield",
Layout Algorithms (Full+Short),full14,wed2,105(234),,Helen Purchase,1,v-tvcg-10122175,A Scalable Method for Readable Tree Layouts,"Kathryn Gray, Mingwei Li, Reyan Ahmed, Md. Khaledur Rahman, Ariful Azad, Stephen Kobourov, Katy Börner",
Layout Algorithms (Full+Short),full14,,,,,1,v-tvcg-10024360,Force-directed graph layouts revisited: a new force based on the t-Distribution,"Fahai Zhong, Mingliang Xue, Jian Zhang, Rui Ban, Oliver Deussen, Yunhai Wang",
Layout Algorithms (Full+Short),full14,,,,,1,v-tvcg-9814874,Target Netgrams: An Annulus-constrained Stress Model for Radial Graph Visualization,"Mingliang Xue, Yunhai Wang, Chang Han, Jian Zhang, Zheng Wang, Kaiyi Zhang, Christophe Hurter, Jian Zhao, Oliver Deussen",
Layout Algorithms (Full+Short),full14,,,,,1,v-full-1377,Cluster-Aware Grid Layout,"Yuxing Zhou, Weikai Yang, Jiashu Chen, Changjian Chen, Zhiyang Shen, Xiaonan Luo, Lingyun Yu, Shixia Liu",
Layout Algorithms (Full+Short),full14,,,,,1,v-full-1128,Radial Icicle Tree (RIT): Node Separation and Area Constancy,"Yuanzhe Jin, Tim de Jong, Martijn Tennekes, Min Chen",
Layout Algorithms (Full+Short),full14,,,,,1,v-short-1051,Projection Ensemble: Visualizing the Robust Structures of Multidimensional Projections,"Myeongwon Jung, Jiwon Choi, Jaemin Jo",
LLMs and Generative Models,full15,wed2,106(234),,Vidya Setlur,1,v-full-1114,AttentionViz: A Global View of Transformer Attention,"Catherine Yeh, Yida Chen, Aoyu Wu, Cynthia Chen, Fernanda Viegas, Martin Wattenberg",
LLMs and Generative Models,full15,,,,,1,v-tvcg-9964397,PhraseMap: Attention-based Keyphrases Recommendation for Information Seeking,"Yamei Tu, Rui Qiu, Yu-Shuen Wang, Po-Yin Yen, Han-Wei Shen",
LLMs and Generative Models,full15,,,,,1,v-tvcg-10056593,Visual Explanation for Open-domain Question Answering with BERT,"Zekai Shao, Shuran Sun, Yuheng Zhao, Siyuan Wang, Zhongyu Wei, Tao Gui, Cagatay Turkay, Siming Chen",
LLMs and Generative Models,full15,,,,,1,v-full-1197,CommonsenseVIS: Visualizing and Understanding Commonsense Reasoning Capabilities of Natural Language Models,"Xingbo Wang, Renfei Huang, Zhihua Jin, Tianqing Fang, Huamin Qu",
LLMs and Generative Models,full15,,,,,1,v-full-1292,Let the Chart Spark: Embedding Semantic Context into Chart with Generative Model,"Shishi Xiao, Suizi Huang, Yue LIN, Yilin Ye, Wei Zeng",
LLMs and Generative Models,full15,,,,,1,v-full-1066,PromptMagician: Interactive Prompt Engineering for Text-to-Image Creation,"Yingchaojie Feng, Xingbo Wang, Kam Kwai Wong, Sijia Wang, Yuhong Lu, Minfeng Zhu, Baicheng Wang, Wei Chen",
Machine Learning for Volume Visualization,full16,thur2,106(234),,Joshua A. Levine,1,v-tvcg-9852325,CoordNet: Data Generation and Visualization Generation for Time-Varying Volumes via a Coordinate-Based Neural Network,"Jun Han, Chaoli Wang",
Machine Learning for Volume Visualization,full16,,,,,1,v-tvcg-9920542,Deep Hierarchical Super Resolution for Scientific Data,"Skylar W. Wurster, Hanqi Guo, Han-Wei Shen, Thomas Peterka, Jiayi Xu",
Machine Learning for Volume Visualization,full16,,,,,1,v-tvcg-10175377,Interactive Volume Visualization via Multi-Resolution Hash Encoding based Neural Representation,"Qi Wu, David Bauer, Michael J. Doyle, Kwan-Liu Ma",
Machine Learning for Volume Visualization,full16,,,,,1,v-full-1036,Adaptively Placed Multi-Grid Scene Representation Networks for Large-Scale Data Visualization,"Skylar W. Wurster, Tianyu Xiong, Han-Wei Shen, Hanqi Guo, Tom Peterka",
Machine Learning for Volume Visualization,full16,,,,,1,v-full-1039,Photon Field Networks for Dynamic Real-Time Volumetric Global Illumination,"David Bauer, Qi Wu, Kwan-Liu Ma",
Machine Learning for Volume Visualization,full16,,,,,1,v-full-1215,PSRFlow: Probabilistic Super Resolution with Flow-Based Models for Scientific Data,"Jingyi Shen, Han-Wei Shen",
Medical and Biomedical Applications,full17,thur4,105(234),,Kai Lawonn,1,v-full-1290,HealthPrism: A Visual Analytics System for Exploring Children's Physical and Mental Health Profiles with Multimodal Data,"Zhihan Jiang, Handi Chen, Rui Zhou, Jing Deng, Xinchen Zhang, Running Zhao, Cong Xie, Yifang Wang, Edith Ngai",
Medical and Biomedical Applications,full17,,,,,1,v-full-1279,Marjorie: Visualizing Type 1 Diabetes Data to Support Pattern Exploration,"Anna Scimone, Klaus Eckelt, Marc Streit, Andreas Hinterreiter",
Medical and Biomedical Applications,full17,,,,,1,v-full-1389,Roses Have Thorns: Understanding the Downside of Oncological Care Delivery Through Visual Analytics and Sequential Rule Mining,"Carla Gabriela Floricel, Andrew Wentzel, Abdallah Mohamed, Clifton David Fuller, Guadalupe Canahuate, G. Elisabeta Marai",
Medical and Biomedical Applications,full17,,,,,1,v-tvcg-10005035,MitoVis: A Unified Visual Analytics System for End-to-End Neuronal Mitochondria Analysis,"JunYoung Choi, Hyun-Jic Oh, Hakjun Lee, Suyeon Kim, Seok-Kyu Kwon, Won-Ki Jeong",
Medical and Biomedical Applications,full17,,,,,1,v-tvcg-10143227,PanVA: Pangenomic Variant Analysis,"Astrid van den Brandt, Eef M. Jonkheer, Dirk-Jan M. van Workum, Huub van de Wetering, Sandra Smit, Anna Vilanova",
Medical and Biomedical Applications,full17,,,,,1,v-full-1346,Leveraging Historical Medical Records as a Proxy via Multimodal Modeling and Visualization to Enrich Medical Diagnostic Learning,"Yang Ouyang, Yuchen Wu, He Wang, Chenyang Zhang, Furui Cheng, Chang Jiang, Lixia Jin, Yuanwu Cao, Quan Li",
ML for VIS,full18,thur3,109(234),,Nan Cao,1,v-full-1194,Data Type Agnostic Visual Sensitivity Analysis,"Nikolaus Piccolotto, Markus Bögl, Christoph Muehlmann, Klaus Nordhausen, Peter Filzmoser, Johanna Schmidt, Silvia Miksch",
ML for VIS,full18,,,,,1,v-full-1223,LiveRetro: Visual Analytics for Strategic Retrospect in Livestream E-Commerce,"Yuchen Wu, Yuansong Xu, Shenghan Gao, Xingbo Wang, Wenkai Song, Zhiheng Nie, Xiaomeng Fan, Quan Li",
ML for VIS,full18,,,,,1,v-tvcg-10149378,Towards Better Modeling with Missing Data: A Contrastive Learning-based Visual Analytics Perspective,"Laixin Xie, Yang Ouyang, Longfei Chen, Ziming Wu, Quan Li",
ML for VIS,full18,,,,,1,v-tvcg-10034833,uxSense: Supporting User Experience Analysis with Visualization and Computer Vision,"Andrea Batch, Yipeng Ji, Mingming Fan, Jian Zhao, Niklas Elmqvist",
ML for VIS,full18,,,,,1,v-full-1567,Data Formulator: AI-powered Concept-driven Visualization Authoring,"Chenglong Wang, John R Thompson, Bongshin Lee",
ML for VIS,full18,,,,,1,v-full-1420,InvVis: Large-Scale Data Embedding for Invertible Visualization,"Huayuan Ye, Chenhui Li, Yang Li, Changbo Wang",
Natural Language,full19,thur1,109(234),,Andreas Kerren,1,v-full-1284,TransforLearn: Interactive Visual Tutorial for the Transformer Model,"Lin Gao, Zekai Shao, Ziqin LUO, Haibo Hu, Cagatay Turkay, Siming Chen",
Natural Language,full19,,,,,1,v-tvcg-10153659,Creating Emordle: Animating Word Cloud for Emotion Expression,"Liwenhan Xie, Xinhuan Shu, Jeon Cheol Su, Yun Wang, Siming Chen, Huamin Qu",
Natural Language,full19,,,,,1,v-tvcg-9939115,DocFlow: A Visual Analytics System for Question-based Document Retrieval and Categorization,"Rui Qiu, Yamei Tu, Yu-Shuen Wang, Po-Yin Yen, Han-Wei Shen",
Natural Language,full19,,,,,1,v-tvcg-10015807,ShortcutLens: A Visual Analytics Approach for Exploring Shortcuts in Natural Language Understanding Dataset,"Zhihua Jin, Xingbo Wang, Furui Cheng, Chunhui Sun, Qun Liu, Huamin Qu",
Natural Language,full19,,,,,1,v-tvcg-10026499,XNLI: Explaining and Diagnosing NLI-based Visual Data Analysis,"Yingchaojie Feng, Xingbo Wang, Bo Pan, Kam Kwai Wong, Yi Ren, Shi Liu, Zihan Yan, Yuxin Ma, Huamin Qu, Wei Chen",
Natural Language,full19,,,,,1,v-full-1510,Large-Scale Evaluation of Topic Models and Dimensionality Reductions for 2D Text Spatialization,"Daniel Atzberger, Tim Cech, Rico Richter, Matthias Trapp, Willy Scheibel, Jürgen Döllner, Tobias Schreck",
Perception,full20,thur3,105(234),,Cindy Xiong Bearfield,1,v-tvcg-9978718,The Risks of Ranking: Revisiting Graphical Perception to Model Individual Differences in Visualization Performance,"Russell Davis, Xiaoying Pu, Yiren Ding, Brian D. Hall, Karen Bonilla, Mi Feng, Matthew Kay, Lane Harrison",
Perception,full20,,,,,1,v-full-1229,Design Characterization for Black-and-White Textures in Visualization,"Tingying He, Yuanyang Zhong, Petra Isenberg, Tobias Isenberg",
Perception,full20,,,,,1,v-full-1250,Image or Information?  Examining the Nature and Impact of Visualization Perceptual Classification,"Anjana Arunkumar, Lace M. Padilla, Gi-Yeul Bae, Chris Bryan",
Perception,full20,,,,,1,v-full-1655,Perception of Line Attributes for Visualization,"Anna Sterzik, Nils Lichtenberg, Jana Wilms, Michael Krone, Douglas Cunningham, Kai Lawonn",
Perception,full20,,,,,1,v-full-1509,Perceptually Uniform Construction of Illustrative Textures,"Anna Sterzik, Monique Meuschke, Douglas Cunningham, Kai Lawonn",
Perception,full20,,,,,1,v-full-1016,Too Many Cooks: Exploring How Graphical Perception Studies Influence Visualization Recommendations in Draco,"Zehua Zeng, Junran Yang, Dominik Moritz, Jeffrey Heer, Leilani Battle",
Scientific Visualization,full21,fri1,103(132),,Ingrid Hotz,1,v-tvcg-9905473,Electromechanical Coupling in Electroactive Polymers - a Visual Analysis of a Third-Order Tensor Field,"Chiara Hergl, Carina Witt, Baldwin Nsonga, Andreas Menzel, Gerik Scheuermann",
Scientific Visualization,full21,,,,,1,v-tvcg-9992117,GPU Accelerated 3D Tomographic Reconstruction and Visualization from Noisy Electron Microscopy Tilt-Series,"Julio Rey Ramirez,Peter Rautek,Ciril Bohak,Ondrej Strnad,Zheyuan Zhang,Sai Li,Ivan Viola,Wolfgang Heidrich",
Scientific Visualization,full21,,,,,1,v-tvcg-10091196,RadVolViz: An Information Display-Inspired Transfer Function Editor for Multivariate Volume Visualization,"Ayush Kumar, Xinyu Zhang, Huolin L. Xin, Hanfei Yan, Xiaojing Huang, Wei Xu, Klaus Mueller",
Scientific Visualization,full21,,,,,1,v-full-1209,A General Framework for Progressive Data Compression and Retrieval,"Victor A. P. Magri, Peter Lindstrom",
Scientific Visualization,full21,,,,,1,v-full-1288,Differentiable Design Galleries: A Differentiable Approach to Explore the Design Space of Transfer Functions,"Bo Pan, Jiaying Lu, Haoxuan Li, Weifeng Chen, Yiyao Wang, Minfeng Zhu, Chenhao Yu, Wei Chen",
Scientific Visualization,full21,,,,,1,v-full-1202,Residency Octree: A Hybrid Approach for Scalable Web-Based Multi-Volume Rendering,"Lukas Herzberger, Markus Hadwiger, Robert Krüger, Peter Sorger, Hanspeter Pfister, Eduard Gröller, Johanna Beyer",
Situated Analytics and Augmented Reality (Full+Short),full22,thur4,109(234),,Maxime Cordeil,1,v-full-1795,ARGUS: Visualization of AI-assisted Task Guidance in AR,"Sonia Castelo Quispe, João Rulff, Erin McGowan, Bea Steers, Guande Wu, Shaoyu Chen, Iran Roman, Roque Lopez, Ethan Brewer, Chen Zhao, Jing Qian, Kyunghyun Cho, He He, Qi Sun, Huy T. Vo, Juan Pablo Bello, Michael Krone, Claudio Silva",
Situated Analytics and Augmented Reality (Full+Short),full22,,,,,1,v-tvcg-10149486,The Reality of the Situation: A Survey of Situated Analytics,"Sungbok Shin, Andrea Batch, Peter W. S. Butcher, Panagiotis D. Ritsos, Niklas Elmqvist",
Situated Analytics and Augmented Reality (Full+Short),full22,,,,,1,v-full-1297,Design Patterns for Situated Visualization in Augmented Reality,"Benjamin Lee, Michael Sedlmair, Dieter Schmalstieg",
Situated Analytics and Augmented Reality (Full+Short),full22,,,,,1,v-full-1299,Handling Non-Visible Referents in Situated Visualizations,"Ambre Assor, Arnaud Prouzeau, Martin Hachet, Pierre Dragicevic",
Situated Analytics and Augmented Reality (Full+Short),full22,,,,,1,v-full-1532,RL-LABEL: A Deep Reinforcement Learning Approach Intended for AR Label Placement in Dynamic Scenarios,"Zhutian Chen, Daniele Chiappalupi, Tica Lin, Yalong Yang, Johanna Beyer, Hanspeter Pfister",
Situated Analytics and Augmented Reality (Full+Short),full22,,,,,1,v-short-1191,Quantifying the Impact of XR Visual Guidance on User Performance Using a Large-Scale Virtual Assembly Experiment,"Leon Pietschmann, Paul-David Zuercher, Erik Bubík, Zhutian Chen, Hanspeter Pfister, Thomas Bohné",
Sports and Spatial Management,full23,thur1,106(234),,Charles Perin,1,v-full-1329,FSLens: A Visual Analytics Approach to Evaluating and Optimizing the Spatial Layout of Fire Stations,"Longfei Chen, He Wang, Yang Ouyang, Yang Zhou, Naiyu Wang, Quan Li",
Sports and Spatial Management,full23,,,,,1,v-full-1344,HoopInSight: Analyzing and Comparing Basketball Shooting Performance Through Visualization,"Yu Fu, John Stasko",
Sports and Spatial Management,full23,,,,,1,v-full-1240,SkiVis: Visual Exploration and Route Planning in Ski Resorts,"Julius Rauscher, Raphael Buchmüller, Daniel Keim, Matthias Miller",
Sports and Spatial Management,full23,,,,,1,v-tvcg-10076255,Analysis of Wildfire Visualization Systems for Research and Training: Are They up for the Challenge of the Current State of Wildfires?,"Carlos A. Tirado Cortes, Susanne Thurow, Alex Ong, Jason J. Sharples, Tomasz Bednarz, Grant Stevens, Dennis Del Favero",
Sports and Spatial Management,full23,,,,,1,v-tvcg-9894103,Team-Builder: Toward More Effective Lineup Selection in Soccer,"Anqi Cao, Ji Lan, Xiao Xie, Hongyu Chen, Xiaolong (Luke) Zhang, Hui Zhang, Yingcai Wu",
Sports and Spatial Management,full23,,,,,1,v-full-1002,Action-Evaluator: A Visualization Approach for Player Action Evaluation in Soccer,"Anqi Cao, Xiao Xie, Mingxu Zhou, Hui Zhang, Mingliang Xu, Yingcai Wu",
Storytelling,full24,wed1,105(234),,Bongshin Lee,1,v-tvcg-9998319,From Invisible to Visible: Impacts of Metadata in Communicative Data Visualization,"Alyxander Burns, Christiana Lee, Thai On, Cindy Xiong Bearfield, Evan Peck, Narges Mahyar",
Storytelling,full24,,,,,1,v-tvcg-9887905,ScrollyVis: Interactive Visual Authoring of Guided Dynamic Narratives for Scientific Scrollytelling,"Eric Moerth, Stefan Bruckner, Noeska N. Smit",
Storytelling,full24,,,,,1,v-full-1758,Character-Oriented Design for Visual Data Storytelling,"Keshav Dasu, Yun-Hsin Kuo, Kwan-Liu Ma",
Storytelling,full24,,,,,1,v-full-1049,Data Player: Automatic Generation of Data Videos with Narration-Animation Interplay,"Leixian Shen, yizhi zhang, Haidong Zhang, Yun Wang",
Storytelling,full24,,,,,1,v-full-1158,EmphasisChecker: A Tool for Guiding Chart and Caption Emphasis,"Dae Hyun Kim, Seulgi Choi, Juho Kim, Vidya Setlur, Maneesh Agrawala",
Storytelling,full24,,,,,1,v-full-1311,Socrates: Data Story Generation via Adaptive Machine-Guided Elicitation of User Feedback,"Guande Wu, Shunan Guo, Jane Hoffswell, Gromit Yeuk-Yin Chan, Ryan Rossi, Eunyee Koh",
Time Series Data,full25,thur4,104(132),,Silvia Miksch,1,v-tvcg-9895311,DOMINO: Visual Causal Reasoning with Time-Dependent Phenomena,"Jun Wang, Klaus Mueller",
Time Series Data,full25,,,,,1,v-full-1079,Attribute-Aware RBFs: Interactive Visualization of Time Series Particle Volumes Using RT Core Range Queries,"Nate Morrical, Stefan Zellmann, Alper Sahistan, Patrick Shriwise, Valerio Pascucci",
Time Series Data,full25,,,,,1,v-full-1449,Reclaiming the Horizon: Novel Visualization Designs for Time-Series Data with Large Value Ranges,"Daniel Braun, Rita Borgo, Max Sondag, Tatiana von Landesberger",
Time Series Data,full25,,,,,1,v-full-1082,Supporting Guided Exploratory Visual Analysis on Time Series Data with Reinforcement Learning,"Yang Shi, Bingchang Chen, Ying Chen, Zhuochen Jin, Ke Xu, Xiaohan Jiao, Tian Gao, Nan Cao",
Time Series Data,full25,,,,,1,v-full-1321,TimeTuner: Diagnosing Time Representations for Time-Series Forecasting with Counterfactual Explanations,"Jianing Hao, Qing Shi, Yilin Ye, Wei Zeng",
Time Series Data,full25,,,,,1,v-full-1179,Visualizing Large-Scale Spatial Time Series with GeoChron,"Zikun Deng, Shifu Chen, Tobias Schreck, Dazhen Deng, Tan Tang, Mingliang Xu, Di Weng, Yingcai Wu",
Topology and Morse Theory,full26,thur3,106(234),,Bei Wang Phillips,1,v-tvcg-10021892,Discrete Morse Sandwich: Fast Computation of Persistence Diagrams for Scalar Data -- An Algorithm and A Benchmark,"Pierre Guillou, Jules Vidal, Julien Tierny",
Topology and Morse Theory,full26,,,,,1,v-tvcg-10081444,Parallel Computation of Piecewise Linear Morse-Smale Segmentations,"Robin G. C. Maack, Jonas Lukasczyk, Julien Tierny, Hans Hagen, Ross Maciejewski, Christoph Garth",
Topology and Morse Theory,full26,,,,,1,v-tvcg-9920234,Principal Geodesic Analysis of Merge Trees (and Persistence Diagrams),"Mathieu Pont, Jules Vidal, Julien Tierny",
Topology and Morse Theory,full26,,,,,1,v-full-1554,A Comparative Study of the Perceptual Sensitivity of Topological Visualizations to Feature Variations,"Tushar M. Athawale, Bryan Triana, Tanmay Kotha, David Pugmire, Paul Rosen",
Topology and Morse Theory,full26,,,,,1,v-full-1663,ExTreeM: Scalable Augmented Merge Tree Computation via Extremum Graphs,"Jonas Lukasczyk, Michael Will, Florian Wetzels, Gunther H Weber, Christoph Garth",
Topology and Morse Theory,full26,,,,,1,v-full-1463,Merge Tree Geodesics and Barycenters with Path Mappings,"Florian Wetzels, Mathieu Pont, Julien Tierny, Christoph Garth",
Topology Applications,full27,thur4,106(234),,Filip Sadlo,1,v-full-1609,TROPHY: A Topologically Robust Physics-Informed Tracking Framework for Tropical Cyclone,"Lin Yan, Hanqi Guo, Tom Peterka, Bei Wang Phillips, Jiali Wang",
Topology Applications,full27,,,,,1,v-full-1295,A Local Iterative Approach for the Extraction of 2D Manifolds from Strongly Curved and Folded Thin-Layer Structures,"Nicolas Klenert, Verena Lepper, Daniel Baum",
Topology Applications,full27,,,,,1,v-full-1222,A Task-Parallel Approach for Localized Topological Data Structures,"Guoxi Liu, Federico Iuricich",
Topology Applications,full27,,,,,1,v-full-1360,Global Topology of 3D Symmetric Tensor Fields,"Shih-Hsuan Hung, Yue Zhang, Eugene Zhang",
Topology Applications,full27,,,,,1,v-full-1319,Interactive Design and Optics-Based Visualization of Arbitrary Non-Euclidean Kaleidoscopic Orbifolds,"Jinta Zheng, Eugene Zhang, Yue Zhang",
Topology Applications,full27,,,,,1,v-full-1616,TopoSZ: Preserving Topology in Error-Bounded Lossy Compression,"Lin Yan, Xin Liang, Hanqi Guo, Bei Wang Phillips",
Trust and Bias,full28,wed2,109(234),,Evanthia Dimara,1,v-tvcg-10002893,Reasoning Affordances with Tables and Bar Charts,"Cindy Xiong Bearfield, Elsie Lee-Robbins, Icy Zhang, Aimen Gaba, Steven L Franconeri",
Trust and Bias,full28,,,,,1,v-full-1531,Average Estimates in Line Graphs are Biased Towards Areas of Higher Variability,"Dominik Moritz, Lace M. Padilla, Francis Nguyen, Steven L Franconeri",
Trust and Bias,full28,,,,,1,v-full-1196,Eleven Years of Gender Data Visualization: Towards more Inclusive Gender Representation,"Florent Cabric, Margret Vilborg Bjarnadottir, Meng Ling, Gudbjörg Linda Rafnsdóttir, Petra Isenberg",
Trust and Bias,full28,,,,,1,v-full-1073,"My Model is Unfair, Do People Even Care? Visual Design Affects Trust and Perceived Bias in Machine Learning","Aimen Gaba, Zhanna Kaufman, Jason Cheung, Marie Shvakel, Kyle Wm Hall, Yuriy Brun, Cindy Xiong Bearfield",
Trust and Bias,full28,,,,,1,v-full-1778,The Rational Agent Benchmark for Data Visualization,"Yifan Wu, Ziyang Guo, Michalis Mamakos, Jason Hartline, Jessica Hullman",
Trust and Bias,full28,,,,,1,v-full-1522,Vistrust: a Multidimensional Framework and Empirical Study of Trust in Data Visualizations,"Hamza Elhamdadi, Adam Stefkovics, Johanna Beyer, Eric Moerth, Hanspeter Pfister, Cindy Xiong Bearfield, Carolina Nobre",
VIS for Data Scientists,full29,wed1,109(234),,Kate Isaacs,1,v-tvcg-10077087,Are Metrics Enough? Guidelines for Communicating and Visualizing Predictive Models to Subject Matter Experts,"Ashley Suh, Gabriel Appleby, Erik W. Anderson, Luca Finelli, Remco Chang, Dylan Cashman",
VIS for Data Scientists,full29,,,,,1,v-full-1559,Dataopsy: Scalable and Fluid Visual Exploration using Aggregate Query Sculpting,"Md Naimul Hoque, Niklas Elmqvist",
VIS for Data Scientists,full29,,,,,1,v-full-1517,Dead or Alive: Continuous Data Profiling for Interactive Data Science,"Will Epperson, Vaishnavi Gorantla, Dominik Moritz, Adam Perer",
VIS for Data Scientists,full29,,,,,1,v-full-1787,EVM: Incorporating Model Checking into Exploratory Visual Analysis,"Alex Kale, Ziyang Guo, xiaoli Qiao, Jeffrey Heer, Jessica Hullman",
VIS for Data Scientists,full29,,,,,1,v-full-1594,VISPUR: Visual Aids for Identifying and Interpreting Spurious Associations in Data-Driven Decisions,"Xian Teng, Yongsu Ahn, Yu-Ru Lin",
VIS for Data Scientists,full29,,,,,1,v-full-1508,Visualization According to Statisticians: An Interview Study on the Role of Visualization for Inferential Statistics,"Eric Newburger, Niklas Elmqvist",
VIS for ML,full30,wed4,109(234),,Shixia Liu,1,v-full-1227,A Comparative Visual Analytics Framework for Evaluating Evolutionary Processes in Multi-objective Optimization,"Yansong Huang, Zherui Zhang, Ao Jiao, Yuxin Ma, Ran Cheng",
VIS for ML,full30,,,,,1,v-tvcg-9937145,The Transform-and-Perform framework: Explainable deep learning beyond classification,"Vidya Prasad, Ruud J. G. van Sloun, Stef van den Elzen, Anna Vilanova, Nicola Pezzotti",
VIS for ML,full30,,,,,1,v-tvcg-9937064,Visual Exploration of Machine Learning Model Behavior with Hierarchical Surrogate Rule Sets,"Jun Yuan, Brian Barr, Kyle Overton, Enrico Bertini",
VIS for ML,full30,,,,,1,v-full-1753,Are We Closing the Loop Yet? Gaps in the Generalizability of VIS4ML Research,"Hariharan Subramonyam, Jessica Hullman",
VIS for ML,full30,,,,,1,v-full-1694,Explore Your Network in Minutes: A Rapid Prototyping Toolkit for Understanding Neural Networks with Visual Analytics,"Shaoxuan Lai, Wanna Luan, Jun Tao",
VIS for ML,full30,,,,,1,v-full-1550,OW-Adapter: Human-Assisted Open-World Object Detection with a Few Examples,"Suphanut Jamonnak, Jiajing Guo, Wenbin He, Liang Gou, Liu Ren",
Visualization Design and User Experience,full31,thur2,105(234),,Melanie Tory,1,v-tvcg-9855227,VisRecall: Quantifying Information Visualisation Recallability via Question Answering,"Yao Wang, Chuhan Jiao, Mihai Bâce, Andreas Bulling",
Visualization Design and User Experience,full31,,,,,1,v-full-1021,A Computational Design Pipeline to Fabricate Sensing Network Physicalizations,"S. Sandra Bae, Takanori Fujiwara, Anders Ynnerman, Ellen Yi-Luen Do, Michael L Rivera, Danielle Albers Szafir",
Visualization Design and User Experience,full31,,,,,1,v-full-1573,Designing for Ambiguity in Visual Analytics: Lessons from Risk Assessment and Prediction,"Stan Nowak, Lyn Bartram",
Visualization Design and User Experience,full31,,,,,1,v-full-1020,Dupo: A Mixed-Initiative Authoring Tool for Responsive Visualization,"Hyeok Kim, Ryan Rossi, Jessica Hullman, Jane Hoffswell",
Visualization Design and User Experience,full31,,,,,1,v-full-1160,InkSight: Leveraging Sketch Interaction for Documenting Chart Findings in Computational Notebooks,"Yanna Lin, Haotian Li, Leni Yang, Aoyu Wu, Huamin Qu",
Visualization Design and User Experience,full31,,,,,1,v-full-1159,Why Change My Design: Explaining Poorly Constructed Visualization Designs with Explorable Explanations,"Leo Yu-Ho Lo, Yi-Fan Cao, Leni Yang, Huamin Qu",
Visualization for Humanities and Social Sciences (Full+Short),full32,wed3,109(234),,TBD,1,v-full-1104,InnovationInsights: A Visual Analytics Approach for Understanding the Dual Frontiers between Science and Technology,"Yifang Wang, Yifan Qian, Xiaoyu Qi, Nan Cao, Dashun Wang",
Visualization for Humanities and Social Sciences (Full+Short),full32,,,,,1,v-full-1274,LiberRoad: Probing into the Journey of Chinese Classics through Visual Analytics,"Yuhan Guo, Yuchu Luo, Keer Lu, Linfang Li, haizheng Yang, Xiaoru Yuan",
Visualization for Humanities and Social Sciences (Full+Short),full32,,,,,1,v-full-1387,Visualizing Historical Book Trade Data: An Iterative Design Study with Close Collaboration with Domain Experts,"Yiwen Xing, Cristina Dondi, Rita Borgo, Alfie Abdul-Rahman",
Visualization for Humanities and Social Sciences (Full+Short),full32,,,,,1,v-full-1333,OldVisOnline: Curating a Dataset of Historical Visualizations,"Yu Zhang, Ruike Jiang, Liwenhan Xie, Yuheng Zhao, Can Liu, Tianhong Ding, Siming Chen, Xiaoru Yuan",
Visualization for Humanities and Social Sciences (Full+Short),full32,,,,,1,v-short-1027,What Exactly is an Insight? A Literature Review,"Leilani Battle, Alvitta Ottley",
Visualization for Humanities and Social Sciences (Full+Short),full32,,,,,1,v-short-1083,WhaleVis: Visualizing the History of Commercial Whaling,"Ameya B Patil, Zoe Rand, Trevor Branch, Leilani Battle",
Visualization for the Physical Sciences,full33,thur1,103(132),,Markus Hadwiger,1,v-full-1673,Dr. KID: Direct Remeshing and K-set Isometric Decomposition for Scalable Physicalization of Organic Shapes,"Dawar Khan, Ciril Bohak, Ivan Viola",
Visualization for the Physical Sciences,full33,,,,,1,v-full-1669,Extract and Characterize Hairpin Vortices in Turbulent Flows,"Adeel Zafar, Di Yang, Guoning Chen",
Visualization for the Physical Sciences,full33,,,,,1,v-full-1530,MolSieve: A Progressive Visual Analytics System for Molecular Dynamics Simulations,"Rostyslav Hnatyshyn, Jieqiong Zhao, Danny Perez, James Ahrens, Ross Maciejewski",
Visualization for the Physical Sciences,full33,,,,,1,v-full-1773,"ProWis: A Visual Approach for Building, Managing, and Analyzing Weather Simulation Ensembles at Runtime","Carolina Veiga Ferreira de Souza, Suzanna Maria Bonnet, Daniel de Oliveira, Marcio Cataldi, Fabio Miranda, Marcos Lage",
Visualization for the Physical Sciences,full33,,,,,1,v-full-1253,Vimo: Visual Analysis of Neuronal Connectivity Motifs,"Jakob Troidl, Simon Alexander Warchol, Jinhan Choi, Jordan Matelsky, Nagaraju Dhanyasi, Xueying Wang, Brock Wester, Donglai Wei, Jeff Lichtman, Hanspeter Pfister, Johanna Beyer",
Visualization for the Physical Sciences,full33,,,,,1,v-full-1298,Visual Analysis of Displacement Processes in Porous Media using Spatio-Temporal Flow Graphs,"Alexander Straub, Nikolaos Karadimitriou, Guido Reina, Steffen Frey, Holger Steeb, Thomas Ertl",